Conc,No inhibitor,No inhibitor,No inhibitor,Inhibitor ,Inhibitor ,Inhibitor 
-10,0,3,2,3,5,4
-8,11,33,25,,,
-7.522878745,125,141,160,11,25,28
-7,190,218,196,52,55,61
-6.522878745,258,289,345,80,77,44
-6,322,353,328,171,195,246
-5.522878745,354,359,369,289,230,243
-5,348,298,372,272,333,310
-4.522878745,,,,359,306,297
-4,412,378,399,352,320,365
-3.522878745,,,,389,338,
