Conc,No inhibitor,No inhibitor,No inhibitor,Inhibitor ,Inhibitor ,Inhibitor 
1.00E-10,0,3,2,3,5,4
1.00E-08,11,33,25,,,
3.00E-08,125,141,160,11,25,28
1.00E-07,190,218,196,52,55,61
3.00E-07,258,289,345,80,77,44
0.000001,322,353,328,171,195,246
0.000003,354,359,369,289,230,243
0.00001,348,298,372,272,333,310
0.00003,,,,359,306,297
0.0001,412,378,399,352,320,365
0.0003,,,,389,338,
